,datetime,Count,description,temperature,wind speed,humidity
0,2014-05-01 00:00:00,348,moderate rain,51.05480000000003,4,95.0
1,2014-05-01 01:00:00,179,moderate rain,52.860200000000205,5,94.0
2,2014-05-01 02:00:00,101,moderate rain,52.5272000000002,5,95.0
3,2014-05-01 03:00:00,172,heavy intensity rain,54.50990000000007,5,94.0
4,2014-05-01 04:00:00,241,heavy intensity rain,53.40500000060007,4,94.0
5,2014-05-01 05:00:00,438,heavy intensity rain,54.61579999940007,4,94.0
6,2014-05-01 06:00:00,822,heavy intensity rain,55.24160000000006,4,93.0
7,2014-05-01 07:00:00,1274,heavy intensity rain,56.647400000000076,4,93.0
8,2014-05-01 08:00:00,1237,heavy intensity rain,57.46820000000021,5,92.0
9,2014-05-01 09:00:00,853,heavy intensity rain,57.77149999999999,4,93.0
10,2014-05-01 10:00:00,771,heavy intensity rain,58.76479999940008,4,92.0
11,2014-05-01 11:00:00,662,heavy intensity rain,59.240600000600104,4,92.0
12,2014-05-01 12:00:00,716,heavy intensity rain,60.35630000000006,4,93.0
13,2014-05-01 13:00:00,820,heavy intensity rain,60.618799999400025,3,93.0
14,2014-05-01 14:00:00,1060,heavy intensity rain,61.521200000600096,3,93.0
15,2014-05-01 15:00:00,1348,heavy intensity rain,62.23550000000003,3,94.0
16,2014-05-01 16:00:00,1584,heavy intensity rain,63.20060000060008,2,94.0
17,2014-05-01 17:00:00,1845,heavy intensity rain,63.9775999994,2,95.0
18,2014-05-01 18:00:00,1710,heavy intensity rain,63.376700000000056,2,92.0
19,2014-05-01 19:00:00,1584,heavy intensity rain,64.61299999940002,2,94.0
20,2014-05-01 20:00:00,1546,heavy intensity rain,64.47140000060001,2,92.0
21,2014-05-01 21:00:00,1880,heavy intensity rain,62.07890000000005,2,94.0
22,2014-05-01 22:00:00,1403,heavy intensity rain,62.68760000060004,2,91.0
23,2014-05-01 23:00:00,781,heavy intensity rain,61.045399999400075,2,92.0
24,2014-05-02 00:00:00,357,heavy intensity rain,60.751400000000025,2,91.0
25,2014-05-02 01:00:00,199,heavy intensity rain,58.65980000000006,2,92.0
26,2014-05-02 02:00:00,139,heavy intensity rain,57.916400000000046,2,92.0
27,2014-05-02 03:00:00,183,light rain,57.61040000000001,2,93.0
28,2014-05-02 04:00:00,215,light rain,56.72120000000007,2,92.0
29,2014-05-02 05:00:00,359,light rain,56.269400000000005,2,93.0
30,2014-05-02 06:00:00,806,light rain,55.253299999999996,2,93.0
31,2014-05-02 07:00:00,990,light rain,54.98960000000009,2,93.0
32,2014-05-02 08:00:00,912,light rain,54.16160000000002,2,93.0
33,2014-05-02 09:00:00,657,light rain,54.590900000000005,1,94.0
34,2014-05-02 10:00:00,727,light rain,53.34380000060008,1,94.0
35,2014-05-02 11:00:00,756,light rain,53.35399999940003,1,95.0
36,2014-05-02 12:00:00,790,light rain,56.04350000000003,1,88.0
37,2014-05-02 13:00:00,918,few clouds,55.16060000000003,1,91.0
38,2014-05-02 14:00:00,1169,few clouds,56.95700000000002,1,87.0
39,2014-05-02 15:00:00,1469,scattered clouds,57.3557,2,78.0
40,2014-05-02 16:00:00,1711,sky is clear,59.617999999400055,2,75.0
41,2014-05-02 17:00:00,1877,few clouds,60.4826000006001,3,67.0
42,2014-05-02 18:00:00,2141,few clouds,60.53270000000008,3,68.0
43,2014-05-02 19:00:00,1633,scattered clouds,61.668800000600086,4,58.0
44,2014-05-02 20:00:00,1451,scattered clouds,61.990399999400026,4,56.0
45,2014-05-02 21:00:00,1617,sky is clear,60.2726000000001,3,56.0
46,2014-05-02 22:00:00,1676,scattered clouds,61.27399999939999,4,54.0
47,2014-05-02 23:00:00,1483,few clouds,60.2360000006001,3,54.0
48,2014-05-03 00:00:00,848,few clouds,58.70120000000021,3,53.0
49,2014-05-03 01:00:00,529,sky is clear,57.828799999400005,3,53.0
50,2014-05-03 02:00:00,329,sky is clear,56.459600000600076,3,52.0
51,2014-05-03 03:00:00,238,sky is clear,54.8159,3,56.0
52,2014-05-03 04:00:00,213,sky is clear,53.53820000060009,2,54.0
53,2014-05-03 05:00:00,198,sky is clear,51.98599999940004,2,57.0
54,2014-05-03 06:00:00,232,few clouds,51.14750000000008,2,61.0
55,2014-05-03 07:00:00,307,few clouds,49.357400000000055,1,64.0
56,2014-05-03 08:00:00,407,scattered clouds,48.281000000000034,1,68.0
57,2014-05-03 09:00:00,506,few clouds,52.05740000000006,1,61.0
58,2014-05-03 10:00:00,580,scattered clouds,49.36339999940006,1,68.0
59,2014-05-03 11:00:00,672,scattered clouds,51.52220000060008,1,65.0
60,2014-05-03 12:00:00,708,few clouds,53.752100000000084,1,66.0
61,2014-05-03 13:00:00,826,few clouds,55.8872000006001,1,61.0
62,2014-05-03 14:00:00,968,few clouds,58.09339999939999,1,60.0
63,2014-05-03 15:00:00,1456,few clouds,58.607600000000076,2,56.0
64,2014-05-03 16:00:00,1715,sky is clear,61.37780000000005,2,56.0
65,2014-05-03 17:00:00,1483,sky is clear,62.45600000000003,2,53.0
66,2014-05-03 18:00:00,2249,scattered clouds,61.48130000000006,2,53.0
67,2014-05-03 19:00:00,1581,scattered clouds,63.24380000060009,3,49.0
68,2014-05-03 20:00:00,1410,broken clouds,62.95339999940008,4,48.0
69,2014-05-03 21:00:00,1751,scattered clouds,62.047400000000074,3,50.0
70,2014-05-03 22:00:00,1637,broken clouds,61.962200000600106,4,48.0
71,2014-05-03 23:00:00,1391,broken clouds,61.26139999940008,3,49.0
72,2014-05-04 00:00:00,1152,broken clouds,60.393200000000206,3,52.0
73,2014-05-04 01:00:00,641,scattered clouds,59.74820000060007,3,52.0
74,2014-05-04 02:00:00,418,scattered clouds,58.935799999400025,3,55.0
75,2014-05-04 03:00:00,315,few clouds,58.55720000000004,3,54.0
76,2014-05-04 04:00:00,245,scattered clouds,57.60019999939999,3,58.0
77,2014-05-04 05:00:00,178,few clouds,57.07700000060011,3,58.0
78,2014-05-04 06:00:00,163,few clouds,56.51510000000003,3,60.0
79,2014-05-04 07:00:00,209,sky is clear,56.004800000000024,3,60.0
80,2014-05-04 08:00:00,239,sky is clear,55.45580000000001,3,61.0
81,2014-05-04 09:00:00,330,broken clouds,54.324950000000044,3,64.0
82,2014-05-04 10:00:00,412,broken clouds,53.58200000000002,3,66.0
83,2014-05-04 11:00:00,537,broken clouds,53.6,3,66.0
84,2014-05-04 12:00:00,621,broken clouds,54.66200000000006,5,62.0
85,2014-05-04 13:00:00,730,light rain,55.77800000000006,6,62.0
86,2014-05-04 14:00:00,851,light rain,57.110000000000085,7,54.0
87,2014-05-04 15:00:00,1029,broken clouds,59.61200000000006,8,41.0
88,2014-05-04 16:00:00,1064,broken clouds,61.23200000000001,11,38.0
89,2014-05-04 17:00:00,961,broken clouds,61.03399999999999,9,33.0
90,2014-05-04 18:00:00,870,broken clouds,60.71000000000008,10,36.0
91,2014-05-04 19:00:00,702,light rain,62.150000000000006,9,33.0
92,2014-05-04 20:00:00,707,light rain,62.67200000000004,2,37.0
93,2014-05-04 21:00:00,705,light rain,60.56600000000001,2,42.0
94,2014-05-04 22:00:00,543,light rain,59.16200000000006,2,42.0
95,2014-05-04 23:00:00,296,sky is clear,60.044000000000075,2,37.0
96,2014-05-05 00:00:00,139,sky is clear,59.432000000000016,2,37.0
97,2014-05-05 01:00:00,72,sky is clear,58.26200000000006,2,37.0
98,2014-05-05 02:00:00,52,light rain,56.91200000000006,1,38.0
99,2014-05-05 03:00:00,175,light rain,55.41800000000009,11,40.0
100,2014-05-05 04:00:00,264,sky is clear,55.09400000000008,2,38.0
101,2014-05-05 05:00:00,477,sky is clear,53.72600000000009,2,40.0
102,2014-05-05 06:00:00,832,sky is clear,52.43000000000004,12,54.0
103,2014-05-05 07:00:00,1014,sky is clear,51.656000000000034,8,58.0
104,2014-05-05 08:00:00,959,sky is clear,50.19800000000002,8,64.0
105,2014-05-05 09:00:00,633,sky is clear,49.56800000000008,1,49.0
106,2014-05-05 10:00:00,599,sky is clear,49.26200000000006,1,52.0
107,2014-05-05 11:00:00,590,sky is clear,49.62200000000004,1,52.0
108,2014-05-05 12:00:00,623,sky is clear,52.10600000000003,1,52.0
109,2014-05-05 13:00:00,722,sky is clear,54.12200000000004,3,56.0
110,2014-05-05 14:00:00,981,sky is clear,56.228000000000065,4,44.0
111,2014-05-05 15:00:00,1210,sky is clear,58.24400000000007,2,45.0
112,2014-05-05 16:00:00,1430,light rain,60.944000000000074,1,44.0
113,2014-05-05 17:00:00,1597,sky is clear,63.14000000000002,0,37.0
114,2014-05-05 18:00:00,1222,sky is clear,64.92200000000004,1,36.0
115,2014-05-05 19:00:00,1067,sky is clear,66.25400000000005,1,36.0
116,2014-05-05 20:00:00,1076,sky is clear,67.28000000000004,1,31.0
117,2014-05-05 21:00:00,1018,sky is clear,67.73000000000005,1,31.0
118,2014-05-05 22:00:00,706,sky is clear,66.97400000000002,1,31.0
119,2014-05-05 23:00:00,401,broken clouds,65.33600000000007,1,32.0
120,2014-05-06 00:00:00,203,light rain,63.75200000000008,1,32.0
121,2014-05-06 01:00:00,130,broken clouds,61.88000000000004,1,32.0
122,2014-05-06 02:00:00,97,scattered clouds,59.648000000000025,1,35.0
123,2014-05-06 03:00:00,112,scattered clouds,57.84800000000003,0,35.0
124,2014-05-06 04:00:00,205,scattered clouds,55.70600000000003,0,35.0
125,2014-05-06 05:00:00,406,scattered clouds,54.03200000000002,2,32.0
126,2014-05-06 06:00:00,839,scattered clouds,52.03399999999999,0,40.0
127,2014-05-06 07:00:00,1065,scattered clouds,50.18000000000004,0,40.0
128,2014-05-06 08:00:00,958,few clouds,49.280000000000044,0,48.0
129,2014-05-06 09:00:00,640,few clouds,49.22600000000009,0,48.0
130,2014-05-06 10:00:00,645,scattered clouds,49.1,1,50.0
131,2014-05-06 11:00:00,603,broken clouds,50.37119364740008,1,53.0
132,2014-05-06 12:00:00,702,broken clouds,52.4674801382001,1,51.0
133,2014-05-06 13:00:00,757,broken clouds,54.37819999940005,1,57.0
134,2014-05-06 14:00:00,1016,broken clouds,56.4632000006001,1,55.0
135,2014-05-06 15:00:00,1347,broken clouds,61.7,1,31.0
136,2014-05-06 16:00:00,1605,light rain,63.986000000000075,1,31.0
137,2014-05-06 17:00:00,1746,light rain,65.37200000000004,5,25.0
138,2014-05-06 18:00:00,1307,sky is clear,66.68600000000006,2,36.0
139,2014-05-06 19:00:00,1188,sky is clear,67.76600000000002,1,32.0
140,2014-05-06 20:00:00,1291,few clouds,67.85600000000002,3,28.0
141,2014-05-06 21:00:00,1224,light rain,67.26200000000006,1,37.0
142,2014-05-06 22:00:00,756,light rain,66.48800000000006,1,31.0
143,2014-05-06 23:00:00,458,sky is clear,60.778400000000005,3,31.0
144,2014-05-07 00:00:00,201,sky is clear,63.194000000000074,0,32.0
145,2014-05-07 01:00:00,109,sky is clear,60.944000000000074,1,46.0
146,2014-05-07 02:00:00,71,sky is clear,57.61400000000003,0,35.0
147,2014-05-07 03:00:00,137,sky is clear,55.022000000000034,3,54.0
148,2014-05-07 04:00:00,205,sky is clear,54.05,3,35.0
149,2014-05-07 05:00:00,341,sky is clear,52.88000000000004,1,39.0
150,2014-05-07 06:00:00,888,few clouds,48.46460000000009,2,37.0
151,2014-05-07 07:00:00,1151,sky is clear,50.27000000000007,0,39.0
152,2014-05-07 08:00:00,971,sky is clear,48.524000000000015,2,46.0
153,2014-05-07 09:00:00,695,sky is clear,47.87600000000009,1,60.0
154,2014-05-07 10:00:00,733,sky is clear,46.63399999999999,2,61.0
155,2014-05-07 11:00:00,689,sky is clear,46.88600000000007,1,43.0
156,2014-05-07 12:00:00,726,sky is clear,51.54800000000003,1,36.0
157,2014-05-07 13:00:00,971,sky is clear,55.47200000000004,1,33.0
158,2014-05-07 14:00:00,1186,sky is clear,58.352000000000075,1,38.0
159,2014-05-07 15:00:00,1494,sky is clear,60.62000000000006,1,41.0
160,2014-05-07 16:00:00,1843,sky is clear,63.464000000000034,1,36.0
161,2014-05-07 17:00:00,1878,few clouds,65.48000000000005,1,36.0
162,2014-05-07 18:00:00,1683,few clouds,67.02800000000008,2,33.0
163,2014-05-07 19:00:00,1413,few clouds,67.80200000000008,2,30.0
164,2014-05-07 20:00:00,1482,broken clouds,67.87400000000002,2,30.0
165,2014-05-07 21:00:00,1474,broken clouds,65.91200000000006,2,30.0
166,2014-05-07 22:00:00,1010,broken clouds,63.320000000000064,2,35.0
167,2014-05-07 23:00:00,540,overcast clouds,60.22400000000002,1,40.0
168,2014-05-08 00:00:00,275,overcast clouds,59.03600000000007,1,40.0
169,2014-05-08 01:00:00,174,overcast clouds,58.92800000000007,0,40.0
170,2014-05-08 02:00:00,128,overcast clouds,58.62200000000004,0,54.0
171,2014-05-08 03:00:00,162,overcast clouds,57.74000000000002,0,54.0
172,2014-05-08 04:00:00,286,overcast clouds,56.96600000000001,0,54.0
173,2014-05-08 05:00:00,597,light rain,56.37200000000004,0,92.0
174,2014-05-08 06:00:00,1285,moderate rain,55.022000000000034,1,92.0
175,2014-05-08 07:00:00,1627,mist,52.754000000000055,9,92.0
176,2014-05-08 08:00:00,1672,mist,52.196000000000055,1,98.0
177,2014-05-08 09:00:00,1291,mist,51.8,1,96.0
178,2014-05-08 10:00:00,1018,mist,51.98000000000005,1,93.0
179,2014-05-08 11:00:00,951,mist,52.30400000000006,0,98.0
180,2014-05-08 12:00:00,902,mist,52.52000000000007,1,93.0
181,2014-05-08 13:00:00,1172,mist,53.24000000000002,2,97.0
182,2014-05-08 14:00:00,1316,mist,53.690000000000026,1,94.0
183,2014-05-08 15:00:00,1675,mist,54.104000000000056,1,97.0
184,2014-05-08 16:00:00,1894,mist,55.07600000000009,1,95.0
185,2014-05-08 17:00:00,2138,mist,55.22000000000006,1,95.0
186,2014-05-08 18:00:00,1862,mist,55.45400000000005,1,91.0
187,2014-05-08 19:00:00,1707,mist,55.97600000000009,0,91.0
188,2014-05-08 20:00:00,1650,mist,56.33600000000007,1,96.0
189,2014-05-08 21:00:00,1701,mist,56.444000000000074,0,90.0
190,2014-05-08 22:00:00,1328,haze,56.55200000000008,1,94.0
191,2014-05-08 23:00:00,702,haze,56.58800000000005,1,97.0
192,2014-05-09 00:00:00,396,haze,56.39000000000002,1,97.0
193,2014-05-09 01:00:00,273,mist,55.742,1,76.0
194,2014-05-09 02:00:00,176,mist,55.07600000000009,1,98.0
195,2014-05-09 03:00:00,196,mist,54.733999999999995,0,96.0
196,2014-05-09 04:00:00,257,mist,54.806000000000026,1,91.0
197,2014-05-09 05:00:00,405,mist,54.91400000000003,1,98.0
198,2014-05-09 06:00:00,912,mist,54.986000000000075,1,98.0
199,2014-05-09 07:00:00,1234,mist,54.59000000000002,1,89.0
200,2014-05-09 08:00:00,1142,mist,54.95,1,98.0
201,2014-05-09 09:00:00,836,moderate rain,55.05800000000001,1,96.0
202,2014-05-09 10:00:00,807,moderate rain,54.986000000000075,1,96.0
203,2014-05-09 11:00:00,877,mist,55.09400000000008,1,99.0
204,2014-05-09 12:00:00,869,fog,55.32800000000007,1,99.0
205,2014-05-09 13:00:00,1019,mist,55.77800000000006,0,97.0
206,2014-05-09 14:00:00,1409,mist,57.02000000000007,1,99.0
207,2014-05-09 15:00:00,1661,haze,58.02800000000006,1,95.0
208,2014-05-09 16:00:00,2007,haze,58.22600000000009,0,95.0
209,2014-05-09 17:00:00,2384,haze,58.85600000000003,0,92.0
210,2014-05-09 18:00:00,2424,haze,59.91800000000009,2,95.0
211,2014-05-09 19:00:00,1683,haze,60.044000000000075,1,80.0
212,2014-05-09 20:00:00,1298,mist,60.09800000000003,1,93.0
213,2014-05-09 21:00:00,1347,haze,60.242,1,95.0
214,2014-05-09 22:00:00,1532,mist,60.116000000000014,2,97.0
215,2014-05-09 23:00:00,1241,mist,60.54800000000003,1,95.0
216,2014-05-10 00:00:00,788,mist,59.75600000000003,2,97.0
217,2014-05-10 01:00:00,472,mist,59.99000000000002,0,98.0
218,2014-05-10 02:00:00,319,mist,60.242,2,99.0
219,2014-05-10 03:00:00,242,fog,60.54800000000003,1,96.0
220,2014-05-10 04:00:00,148,mist,60.17000000000006,1,98.0
221,2014-05-10 05:00:00,204,mist,59.86400000000003,1,99.0
222,2014-05-10 06:00:00,230,mist,59.54000000000002,1,98.0
223,2014-05-10 07:00:00,297,mist,58.58600000000007,1,99.0
224,2014-05-10 08:00:00,433,fog,58.478000000000065,1,99.0
225,2014-05-10 09:00:00,543,light rain,58.37000000000006,2,93.0
226,2014-05-10 10:00:00,596,mist,57.92000000000006,1,99.0
227,2014-05-10 11:00:00,683,mist,58.58600000000007,1,95.0
228,2014-05-10 12:00:00,780,mist,59.82800000000007,1,99.0
229,2014-05-10 13:00:00,1009,fog,61.898000000000025,1,
230,2014-05-10 14:00:00,1074,haze,64.83200000000002,2,86.0
231,2014-05-10 15:00:00,1615,mist,65.4260000000001,2,86.0
232,2014-05-10 16:00:00,1939,broken clouds,69.32660000000004,2,82.0
233,2014-05-10 17:00:00,1890,overcast clouds,76.87760000000003,3,65.0
234,2014-05-10 18:00:00,1838,light rain,79.64600000000004,1,65.0
235,2014-05-10 19:00:00,1365,heavy intensity rain,76.13600000000008,3,82.0
236,2014-05-10 20:00:00,1137,moderate rain,74.78600000000007,3,75.0
237,2014-05-10 21:00:00,1322,moderate rain,72.69800000000004,1,64.0
238,2014-05-10 22:00:00,1738,thunderstorm with heavy rain,69.96200000000006,1,64.0
239,2014-05-10 23:00:00,1888,light rain,69.78200000000001,2,77.0
240,2014-05-11 00:00:00,1212,light rain,69.33200000000002,1,70.0
241,2014-05-11 01:00:00,593,light rain,68.86400000000003,1,75.0
242,2014-05-11 02:00:00,347,light rain,67.87400000000002,1,96.0
243,2014-05-11 03:00:00,241,moderate rain,67.53200000000001,2,83.0
244,2014-05-11 04:00:00,155,moderate rain,66.434,2,91.0
245,2014-05-11 05:00:00,152,moderate rain,64.25600000000003,2,93.0
246,2014-05-11 06:00:00,187,light rain,63.266000000000005,1,94.0
247,2014-05-11 07:00:00,258,light rain,62.76200000000006,1,95.0
248,2014-05-11 08:00:00,378,moderate rain,62.20400000000005,2,93.0
249,2014-05-11 09:00:00,547,moderate rain,60.78200000000002,2,95.0
250,2014-05-11 10:00:00,598,light rain,59.233999999999995,0,75.0
251,2014-05-11 11:00:00,720,light rain,58.44199999999999,1,91.0
252,2014-05-11 12:00:00,758,sky is clear,62.024000000000015,3,53.0
253,2014-05-11 13:00:00,801,light rain,65.37200000000004,1,53.0
254,2014-05-11 14:00:00,850,light rain,69.00800000000001,1,45.0
255,2014-05-11 15:00:00,1019,sky is clear,72.21200000000006,1,47.0
256,2014-05-11 16:00:00,1133,light rain,74.10200000000009,2,29.0
257,2014-05-11 17:00:00,1074,light rain,76.19000000000003,2,38.0
258,2014-05-11 18:00:00,876,sky is clear,77.9,1,38.0
259,2014-05-11 19:00:00,800,sky is clear,78.69200000000001,0,38.0
260,2014-05-11 20:00:00,750,sky is clear,80.042,2,20.0
261,2014-05-11 21:00:00,715,sky is clear,80.18600000000006,1,31.0
262,2014-05-11 22:00:00,463,light rain,80.20400000000006,1,30.0
263,2014-05-11 23:00:00,274,sky is clear,78.72800000000007,1,18.0
264,2014-05-12 00:00:00,114,sky is clear,69.26000000000008,1,34.0
265,2014-05-12 01:00:00,83,sky is clear,71.40200000000007,1,38.0
266,2014-05-12 02:00:00,59,scattered clouds,67.71200000000006,1,37.0
267,2014-05-12 03:00:00,143,light rain,66.27200000000005,0,52.0
268,2014-05-12 04:00:00,265,scattered clouds,61.02860000000002,1,54.0
269,2014-05-12 05:00:00,440,sky is clear,62.438000000000045,1,58.0
270,2014-05-12 06:00:00,802,sky is clear,60.74600000000005,1,71.0
271,2014-05-12 07:00:00,1007,sky is clear,59.288000000000046,1,62.0
272,2014-05-12 08:00:00,854,sky is clear,58.946000000000055,1,66.0
273,2014-05-12 09:00:00,677,sky is clear,57.63200000000002,1,69.0
274,2014-05-12 10:00:00,593,sky is clear,56.75,2,64.0
275,2014-05-12 11:00:00,603,sky is clear,58.26200000000006,0,48.0
276,2014-05-12 12:00:00,680,sky is clear,61.88000000000004,1,50.0
277,2014-05-12 13:00:00,778,sky is clear,69.33200000000002,1,44.0
278,2014-05-12 14:00:00,1030,sky is clear,73.61600000000001,1,40.0
279,2014-05-12 15:00:00,1283,sky is clear,78.17000000000007,1,44.0
280,2014-05-12 16:00:00,1499,sky is clear,81.22640000000003,1,37.0
281,2014-05-12 17:00:00,1580,sky is clear,85.82000000000006,2,32.0
282,2014-05-12 18:00:00,1133,sky is clear,83.04800000000003,2,41.0
283,2014-05-12 19:00:00,862,sky is clear,81.80600000000004,1,32.0
284,2014-05-12 20:00:00,926,overcast clouds,79.13840000000008,3,48.0
285,2014-05-12 21:00:00,1029,overcast clouds,79.13840000000008,3,48.0
286,2014-05-12 22:00:00,648,overcast clouds,79.13840000000008,3,48.0
287,2014-05-12 23:00:00,382,light rain,77.81000000000009,0,58.0
288,2014-05-13 00:00:00,191,moderate rain,76.51400000000004,0,83.0
289,2014-05-13 01:00:00,128,moderate rain,74.62400000000002,0,91.0
290,2014-05-13 02:00:00,73,broken clouds,73.02200000000005,1,88.0
291,2014-05-13 03:00:00,122,broken clouds,71.56400000000004,1,72.0
292,2014-05-13 04:00:00,171,broken clouds,70.142,1,86.0
293,2014-05-13 05:00:00,376,light rain,67.76600000000002,0,74.0
294,2014-05-13 06:00:00,874,sky is clear,66.29000000000002,0,93.0
295,2014-05-13 07:00:00,1136,light rain,62.99600000000005,2,88.0
296,2014-05-13 08:00:00,844,sky is clear,63.806000000000026,1,84.0
297,2014-05-13 09:00:00,682,mist,63.248000000000026,1,94.0
298,2014-05-13 10:00:00,654,sky is clear,62.33000000000004,1,71.0
299,2014-05-13 11:00:00,626,mist,61.538000000000046,1,64.0
300,2014-05-13 12:00:00,653,mist,61.196000000000055,1,78.0
301,2014-05-13 13:00:00,848,mist,61.32200000000004,0,55.0
302,2014-05-13 14:00:00,1011,sky is clear,62.58200000000002,3,66.0
303,2014-05-13 15:00:00,1336,sky is clear,64.14800000000002,4,61.0
304,2014-05-13 16:00:00,1534,sky is clear,65.53399999999999,3,48.0
305,2014-05-13 17:00:00,1683,scattered clouds,66.59600000000006,1,45.0
306,2014-05-13 18:00:00,1332,scattered clouds,67.316,2,45.0
307,2014-05-13 19:00:00,1265,scattered clouds,74.60240000000002,3,45.0
308,2014-05-13 20:00:00,1349,broken clouds,67.73000000000005,4,40.0
309,2014-05-13 21:00:00,1237,broken clouds,66.83000000000004,2,43.0
310,2014-05-13 22:00:00,888,broken clouds,66.59600000000006,2,48.0
311,2014-05-13 23:00:00,485,scattered clouds,63.48200000000001,2,51.0
312,2014-05-14 00:00:00,236,scattered clouds,60.13399999999999,3,75.0
313,2014-05-14 01:00:00,130,scattered clouds,56.67800000000007,1,51.0
314,2014-05-14 02:00:00,83,few clouds,54.733999999999995,4,60.0
315,2014-05-14 03:00:00,134,few clouds,53.312000000000054,1,60.0
316,2014-05-14 04:00:00,208,few clouds,52.57400000000001,3,60.0
317,2014-05-14 05:00:00,404,few clouds,51.998000000000026,2,74.0
318,2014-05-14 06:00:00,920,few clouds,51.36800000000009,1,68.0
319,2014-05-14 07:00:00,1272,few clouds,51.38600000000007,1,82.0
320,2014-05-14 08:00:00,1044,scattered clouds,51.00800000000001,1,81.0
321,2014-05-14 09:00:00,725,scattered clouds,51.044000000000075,0,79.0
322,2014-05-14 10:00:00,717,broken clouds,51.15200000000008,2,90.0
323,2014-05-14 11:00:00,719,overcast clouds,51.38600000000007,0,79.0
324,2014-05-14 12:00:00,771,overcast clouds,52.05200000000008,1,87.0
325,2014-05-14 13:00:00,912,overcast clouds,53.54600000000005,1,88.0
326,2014-05-14 14:00:00,1245,light rain,55.688000000000045,1,73.0
327,2014-05-14 15:00:00,1460,light rain,57.75800000000001,1,71.0
328,2014-05-14 16:00:00,1556,light rain,61.91600000000001,1,61.0
329,2014-05-14 17:00:00,1763,overcast clouds,65.37200000000004,1,71.0
330,2014-05-14 18:00:00,1895,overcast clouds,67.29800000000003,2,56.0
331,2014-05-14 19:00:00,1598,overcast clouds,67.28000000000004,2,79.0
332,2014-05-14 20:00:00,1606,overcast clouds,65.19200000000001,1,74.0
333,2014-05-14 21:00:00,1422,overcast clouds,64.45400000000006,2,79.0
334,2014-05-14 22:00:00,881,overcast clouds,62.47400000000002,1,74.0
335,2014-05-14 23:00:00,517,light rain,60.13399999999999,2,96.0
336,2014-05-15 00:00:00,305,light rain,63.63500000000008,2,87.0
337,2014-05-15 01:00:00,183,haze,59.32400000000001,1,87.0
338,2014-05-15 02:00:00,113,light rain,58.56800000000008,2,92.0
339,2014-05-15 03:00:00,151,mist,59.05400000000006,1,97.0
340,2014-05-15 04:00:00,268,light rain,58.80200000000008,2,98.0
341,2014-05-15 05:00:00,482,mist,58.964000000000034,1,93.0
342,2014-05-15 06:00:00,1038,heavy intensity drizzle,58.91000000000008,0,95.0
343,2014-05-15 07:00:00,1262,light intensity drizzle,58.98200000000001,2,98.0
344,2014-05-15 08:00:00,1123,mist,58.964000000000034,1,98.0
345,2014-05-15 09:00:00,800,light intensity drizzle,59.16200000000006,0,98.0
346,2014-05-15 10:00:00,989,mist,59.99000000000002,1,98.0
347,2014-05-15 11:00:00,992,light intensity drizzle,60.22400000000002,1,92.0
348,2014-05-15 12:00:00,977,light intensity drizzle,61.17800000000007,1,92.0
349,2014-05-15 13:00:00,1120,light rain,63.50360000000002,1,98.0
350,2014-05-15 14:00:00,1386,light intensity drizzle,63.89600000000005,1,97.0
351,2014-05-15 15:00:00,1602,light intensity drizzle,64.92200000000004,2,97.0
352,2014-05-15 16:00:00,1868,mist,65.96600000000001,0,97.0
353,2014-05-15 17:00:00,2201,mist,67.29800000000003,3,92.0
354,2014-05-15 18:00:00,2014,mist,67.65800000000002,2,90.0
355,2014-05-15 19:00:00,1738,haze,68.77400000000002,0,84.0
356,2014-05-15 20:00:00,1788,mist,69.24199999999999,1,85.0
357,2014-05-15 21:00:00,1774,overcast clouds,69.566,1,86.0
358,2014-05-15 22:00:00,1364,light rain,68.91800000000009,1,91.0
359,2014-05-15 23:00:00,763,light rain,67.22600000000008,3,88.0
360,2014-05-16 00:00:00,416,mist,66.16400000000004,0,92.0
361,2014-05-16 01:00:00,235,haze,65.94800000000004,3,94.0
362,2014-05-16 02:00:00,158,mist,65.40800000000002,2,98.0
363,2014-05-16 03:00:00,207,mist,65.066,3,98.0
364,2014-05-16 04:00:00,271,mist,64.74199999999999,4,95.0
365,2014-05-16 05:00:00,435,mist,64.70600000000003,2,97.0
366,2014-05-16 06:00:00,961,mist,64.59800000000003,3,93.0
367,2014-05-16 07:00:00,1214,mist,64.43600000000006,1,95.0
368,2014-05-16 08:00:00,1086,mist,64.4,3,95.0
369,2014-05-16 09:00:00,852,mist,63.87800000000007,0,95.0
370,2014-05-16 10:00:00,870,light rain,64.02200000000005,3,98.0
371,2014-05-16 11:00:00,983,mist,64.5260000000001,2,98.0
372,2014-05-16 12:00:00,1172,haze,65.46200000000006,4,95.0
373,2014-05-16 13:00:00,1313,haze,66.11000000000008,6,98.0
374,2014-05-16 14:00:00,1635,mist,66.11000000000008,3,98.0
375,2014-05-16 15:00:00,1925,mist,66.70400000000006,2,98.0
376,2014-05-16 16:00:00,2042,haze,67.37000000000006,6,90.0
377,2014-05-16 17:00:00,2445,haze,67.74800000000002,5,93.0
378,2014-05-16 18:00:00,2454,mist,67.01000000000008,1,93.0
379,2014-05-16 19:00:00,3076,mist,66.79400000000007,5,93.0
380,2014-05-16 20:00:00,2335,mist,66.29000000000002,0,96.0
381,2014-05-16 21:00:00,2907,mist,66.86600000000001,1,95.0
382,2014-05-16 22:00:00,2175,mist,66.50600000000003,3,97.0
383,2014-05-16 23:00:00,1326,mist,66.27200000000005,3,95.0
384,2014-05-17 00:00:00,774,mist,64.90400000000005,3,94.0
385,2014-05-17 01:00:00,423,mist,64.292,1,98.0
386,2014-05-17 02:00:00,296,mist,63.806000000000026,1,100.0
387,2014-05-17 03:00:00,239,mist,62.492,1,98.0
388,2014-05-17 04:00:00,277,mist,60.26000000000008,1,98.0
389,2014-05-17 05:00:00,241,light rain,58.478000000000065,2,97.0
390,2014-05-17 06:00:00,269,light rain,57.29000000000002,2,88.0
391,2014-05-17 07:00:00,347,light rain,55.76000000000008,2,95.0
392,2014-05-17 08:00:00,434,light rain,54.57200000000004,0,89.0
393,2014-05-17 09:00:00,545,light rain,53.11400000000003,2,91.0
394,2014-05-17 10:00:00,589,light rain,52.16000000000008,1,85.0
395,2014-05-17 11:00:00,652,sky is clear,52.71800000000009,1,81.0
396,2014-05-17 12:00:00,748,light rain,53.88800000000005,2,84.0
397,2014-05-17 13:00:00,859,sky is clear,57.48800000000004,0,91.0
398,2014-05-17 14:00:00,1015,light rain,59.82800000000007,1,52.0
399,2014-05-17 15:00:00,1329,light rain,62.63600000000007,1,81.0
400,2014-05-17 16:00:00,1593,light rain,64.65200000000007,4,56.0
401,2014-05-17 17:00:00,1643,light rain,66.92000000000007,1,75.0
402,2014-05-17 18:00:00,1710,light rain,67.55000000000001,1,50.0
403,2014-05-17 19:00:00,1506,light rain,68.21600000000001,1,75.0
404,2014-05-17 20:00:00,1438,light rain,68.28800000000004,0,48.0
405,2014-05-17 21:00:00,1701,light rain,68.28800000000004,1,73.0
406,2014-05-17 22:00:00,1833,few clouds,67.60400000000006,2,45.0
407,2014-05-17 23:00:00,1833,light rain,66.2,1,45.0
408,2014-05-18 00:00:00,1420,light rain,64.63399999999999,0,74.0
409,2014-05-18 01:00:00,992,light rain,62.024000000000015,1,74.0
410,2014-05-18 02:00:00,564,sky is clear,60.26000000000008,2,63.0
411,2014-05-18 03:00:00,389,sky is clear,59.63000000000004,2,63.0
412,2014-05-18 04:00:00,212,light rain,57.36200000000006,2,67.0
413,2014-05-18 05:00:00,176,light rain,55.79600000000005,2,53.0
414,2014-05-18 06:00:00,197,sky is clear,53.096000000000046,2,76.0
415,2014-05-18 07:00:00,266,sky is clear,51.944000000000074,0,76.0
416,2014-05-18 08:00:00,400,sky is clear,50.504000000000055,2,79.0
417,2014-05-18 09:00:00,546,sky is clear,49.31600000000001,0,79.0
418,2014-05-18 10:00:00,670,light rain,48.00200000000008,2,68.0
419,2014-05-18 11:00:00,774,sky is clear,49.04600000000005,1,88.0
420,2014-05-18 12:00:00,801,light rain,52.66400000000003,0,60.0
421,2014-05-18 13:00:00,872,sky is clear,56.37200000000004,3,46.0
422,2014-05-18 14:00:00,984,few clouds,59.32400000000001,1,43.0
423,2014-05-18 15:00:00,1024,light rain,61.91600000000001,2,54.0
424,2014-05-18 16:00:00,1173,light rain,63.248000000000026,1,35.0
425,2014-05-18 17:00:00,1043,broken clouds,64.02200000000005,0,56.0
426,2014-05-18 18:00:00,855,light rain,64.54400000000007,1,51.0
427,2014-05-18 19:00:00,782,broken clouds,64.058,2,35.0
428,2014-05-18 20:00:00,775,light rain,63.87800000000007,3,47.0
429,2014-05-18 21:00:00,754,light rain,64.23800000000006,1,53.0
430,2014-05-18 22:00:00,517,broken clouds,64.20200000000008,0,45.0
431,2014-05-18 23:00:00,322,sky is clear,63.248000000000026,1,55.0
432,2014-05-19 00:00:00,145,sky is clear,61.97000000000006,0,43.0
433,2014-05-19 01:00:00,83,very heavy rain,59.27000000000007,6,40.0
434,2014-05-19 02:00:00,67,sky is clear,57.16400000000003,8,41.0
435,2014-05-19 03:00:00,156,sky is clear,55.292,0,57.0
436,2014-05-19 04:00:00,316,sky is clear,53.87000000000006,2,57.0
437,2014-05-19 05:00:00,466,light rain,52.08800000000005,0,55.0
438,2014-05-19 06:00:00,906,light rain,50.75600000000003,2,66.0
439,2014-05-19 07:00:00,1077,light rain,49.748000000000026,3,55.0
440,2014-05-19 08:00:00,979,sky is clear,48.056000000000026,2,77.0
441,2014-05-19 09:00:00,675,sky is clear,46.832000000000015,2,47.0
442,2014-05-19 10:00:00,599,sky is clear,46.291999999999994,0,48.0
443,2014-05-19 11:00:00,658,sky is clear,48.12800000000007,4,50.0
444,2014-05-19 12:00:00,674,sky is clear,51.29600000000005,0,63.0
445,2014-05-19 13:00:00,835,sky is clear,56.48000000000005,1,56.0
446,2014-05-19 14:00:00,1122,sky is clear,60.76400000000004,0,46.0
447,2014-05-19 15:00:00,1280,light rain,64.27400000000002,0,39.0
448,2014-05-19 16:00:00,1435,light rain,66.48800000000006,4,52.0
449,2014-05-19 17:00:00,1558,scattered clouds,68.70200000000008,1,45.0
450,2014-05-19 18:00:00,1224,scattered clouds,69.49400000000009,0,45.0
451,2014-05-19 19:00:00,1023,light rain,69.96200000000006,2,45.0
452,2014-05-19 20:00:00,1079,scattered clouds,70.19600000000005,9,31.0
453,2014-05-19 21:00:00,1005,scattered clouds,70.46600000000001,2,29.0
454,2014-05-19 22:00:00,605,light rain,67.94600000000005,12,28.0
455,2014-05-19 23:00:00,348,light rain,67.334,2,52.0
456,2014-05-20 00:00:00,180,few clouds,65.66000000000008,1,38.0
457,2014-05-20 01:00:00,96,few clouds,63.788000000000046,2,58.0
458,2014-05-20 02:00:00,75,light rain,61.12400000000001,2,51.0
459,2014-05-20 03:00:00,150,light rain,57.938000000000045,2,49.0
460,2014-05-20 04:00:00,221,sky is clear,56.48000000000005,2,71.0
461,2014-05-20 05:00:00,390,sky is clear,55.07600000000009,2,54.0
462,2014-05-20 06:00:00,844,sky is clear,54.01400000000004,2,54.0
463,2014-05-20 07:00:00,1122,sky is clear,53.6,4,61.0
464,2014-05-20 08:00:00,959,sky is clear,53.38399999999999,4,60.0
465,2014-05-20 09:00:00,728,light rain,52.98800000000004,2,60.0
466,2014-05-20 10:00:00,706,light rain,52.23200000000001,0,48.0
467,2014-05-20 11:00:00,746,light rain,53.88800000000005,2,78.0
468,2014-05-20 12:00:00,781,sky is clear,58.478000000000065,2,50.0
469,2014-05-20 13:00:00,959,light rain,62.58200000000002,2,45.0
470,2014-05-20 14:00:00,1194,sky is clear,67.47800000000007,2,46.0
471,2014-05-20 15:00:00,1407,sky is clear,70.64600000000004,2,25.0
472,2014-05-20 16:00:00,1596,sky is clear,73.36400000000003,1,44.0
473,2014-05-20 17:00:00,1805,sky is clear,74.89400000000008,0,27.0
474,2014-05-20 18:00:00,1508,light rain,75.97400000000002,2,29.0
475,2014-05-20 19:00:00,1334,sky is clear,76.69400000000007,1,32.0
476,2014-05-20 20:00:00,1421,few clouds,77.27000000000007,1,20.0
477,2014-05-20 21:00:00,1286,few clouds,77.684,1,28.0
478,2014-05-20 22:00:00,894,light rain,76.49600000000005,1,28.0
479,2014-05-20 23:00:00,458,light rain,74.84000000000003,2,36.0
480,2014-05-21 00:00:00,214,overcast clouds,72.53600000000007,0,31.0
481,2014-05-21 01:00:00,134,light rain,70.97000000000006,2,44.0
482,2014-05-21 02:00:00,102,scattered clouds,69.04400000000007,2,39.0
483,2014-05-21 03:00:00,175,scattered clouds,68.05400000000006,1,49.0
484,2014-05-21 04:00:00,237,scattered clouds,67.58600000000007,0,39.0
485,2014-05-21 05:00:00,392,scattered clouds,66.97400000000002,2,61.0
486,2014-05-21 06:00:00,937,scattered clouds,65.87600000000009,1,50.0
487,2014-05-21 07:00:00,1198,light rain,64.72400000000002,2,65.0
488,2014-05-21 08:00:00,1050,broken clouds,63.95,2,54.0
489,2014-05-21 09:00:00,736,broken clouds,63.14000000000002,2,54.0
490,2014-05-21 10:00:00,763,overcast clouds,62.74400000000007,2,49.0
491,2014-05-21 11:00:00,823,broken clouds,63.391999999999996,1,50.0
492,2014-05-21 12:00:00,956,broken clouds,65.04800000000003,1,49.0
493,2014-05-21 13:00:00,1024,broken clouds,66.74000000000002,1,44.0
494,2014-05-21 14:00:00,1415,scattered clouds,68.19800000000004,0,35.0
495,2014-05-21 15:00:00,1660,broken clouds,71.47400000000002,4,49.0
496,2014-05-21 16:00:00,1919,scattered clouds,71.72600000000008,0,34.0
497,2014-05-21 17:00:00,2140,broken clouds,71.38399999999999,1,39.0
498,2014-05-21 18:00:00,1789,broken clouds,71.88800000000005,1,42.0
499,2014-05-21 19:00:00,1447,broken clouds,72.24800000000002,1,39.0
500,2014-05-21 20:00:00,1440,overcast clouds,73.25600000000003,2,42.0
501,2014-05-21 21:00:00,1475,overcast clouds,73.59800000000003,2,41.0
502,2014-05-21 22:00:00,993,overcast clouds,73.07600000000009,3,46.0
503,2014-05-21 23:00:00,489,overcast clouds,71.9600000000001,2,54.0
504,2014-05-22 00:00:00,255,overcast clouds,71.22200000000004,2,48.0
505,2014-05-22 01:00:00,165,overcast clouds,70.07000000000006,2,53.0
506,2014-05-22 02:00:00,158,light rain,67.60400000000006,2,60.0
507,2014-05-22 03:00:00,239,light rain,64.74199999999999,2,64.0
508,2014-05-22 04:00:00,284,light rain,64.68800000000005,2,67.0
509,2014-05-22 05:00:00,510,scattered clouds,64.4,0,70.0
510,2014-05-22 06:00:00,1023,scattered clouds,64.92200000000004,0,77.0
511,2014-05-22 07:00:00,1362,moderate rain,64.31000000000009,0,78.0
512,2014-05-22 08:00:00,1303,mist,63.48200000000001,0,88.0
513,2014-05-22 09:00:00,858,mist,62.33000000000004,0,93.0
514,2014-05-22 10:00:00,924,mist,62.20400000000005,1,94.0
515,2014-05-22 11:00:00,929,mist,61.736000000000075,1,95.0
516,2014-05-22 12:00:00,1040,light intensity drizzle,62.312000000000054,1,93.0
517,2014-05-22 13:00:00,1184,light intensity drizzle,62.150000000000006,1,92.0
518,2014-05-22 14:00:00,1359,light intensity drizzle,62.87000000000006,1,89.0
519,2014-05-22 15:00:00,1572,mist,63.01400000000004,1,90.0
520,2014-05-22 16:00:00,1832,thunderstorm,63.248000000000026,1,87.0
521,2014-05-22 17:00:00,2342,mist,63.69800000000002,1,88.0
522,2014-05-22 18:00:00,2101,haze,63.28399999999999,1,88.0
523,2014-05-22 19:00:00,1645,haze,63.104000000000056,1,84.0
524,2014-05-22 20:00:00,1700,haze,64.36400000000003,1,86.0
525,2014-05-22 21:00:00,1715,haze,63.95,1,86.0
526,2014-05-22 22:00:00,1419,mist,63.842,1,90.0
527,2014-05-22 23:00:00,883,mist,63.28399999999999,1,93.0
528,2014-05-23 00:00:00,442,light rain,62.6,1,93.0
529,2014-05-23 01:00:00,248,haze,60.81800000000008,1,92.0
530,2014-05-23 02:00:00,161,light rain,60.27800000000006,1,91.0
531,2014-05-23 03:00:00,244,light rain,60.188000000000045,1,91.0
532,2014-05-23 04:00:00,303,haze,60.530000000000044,1,91.0
533,2014-05-23 05:00:00,428,mist,60.35,0,95.0
534,2014-05-23 06:00:00,794,mist,59.288000000000046,0,96.0
535,2014-05-23 07:00:00,1056,mist,59.37800000000007,0,97.0
536,2014-05-23 08:00:00,935,mist,59.342,0,97.0
537,2014-05-23 09:00:00,744,mist,59.32400000000001,0,96.0
538,2014-05-23 10:00:00,677,mist,58.92800000000007,0,97.0
539,2014-05-23 11:00:00,811,light rain,58.92800000000007,1,96.0
540,2014-05-23 12:00:00,849,light intensity drizzle,59.27000000000007,1,96.0
541,2014-05-23 13:00:00,954,light rain,59.61200000000006,1,95.0
542,2014-05-23 14:00:00,1268,haze,60.458000000000006,1,90.0
543,2014-05-23 15:00:00,1682,mist,61.32200000000004,1,84.0
544,2014-05-23 16:00:00,1442,mist,63.89600000000005,1,80.0
545,2014-05-23 17:00:00,1090,mist,65.76800000000009,1,76.0
546,2014-05-23 18:00:00,1817,scattered clouds,67.55000000000001,1,72.0
547,2014-05-23 19:00:00,2560,light rain,67.64000000000001,1,71.0
548,2014-05-23 20:00:00,2447,mist,66.95600000000003,1,77.0
549,2014-05-23 21:00:00,2026,mist,66.29000000000002,1,80.0
550,2014-05-23 22:00:00,2006,light rain,66.48800000000006,1,88.0
551,2014-05-23 23:00:00,1481,light rain,66.47000000000006,2,88.0
552,2014-05-24 00:00:00,700,thunderstorm,63.518000000000086,2,89.0
553,2014-05-24 01:00:00,363,light rain,61.44800000000002,2,82.0
554,2014-05-24 02:00:00,249,mist,58.49600000000005,1,91.0
555,2014-05-24 03:00:00,225,mist,57.524000000000015,1,92.0
556,2014-05-24 04:00:00,175,mist,57.61400000000003,1,92.0
557,2014-05-24 05:00:00,211,mist,58.51400000000004,1,95.0
558,2014-05-24 06:00:00,217,light rain,58.29800000000003,1,92.0
559,2014-05-24 07:00:00,272,light rain,57.97400000000002,1,90.0
560,2014-05-24 08:00:00,373,light rain,57.254000000000055,1,91.0
561,2014-05-24 09:00:00,426,light rain,57.57800000000007,1,89.0
562,2014-05-24 10:00:00,471,sky is clear,57.61400000000003,2,88.0
563,2014-05-24 11:00:00,528,broken clouds,57.57800000000007,1,86.0
564,2014-05-24 12:00:00,556,broken clouds,58.15400000000005,1,92.0
565,2014-05-24 13:00:00,578,broken clouds,59.81000000000009,1,87.0
566,2014-05-24 14:00:00,628,scattered clouds,60.74600000000005,1,76.0
567,2014-05-24 15:00:00,1120,scattered clouds,63.12200000000004,1,72.0
568,2014-05-24 16:00:00,1674,moderate rain,64.99400000000009,1,74.0
569,2014-05-24 17:00:00,1154,light rain,66.27200000000005,1,76.0
570,2014-05-24 18:00:00,878,light rain,67.40600000000003,0,76.0
571,2014-05-24 19:00:00,748,light rain,67.91000000000008,0,63.0
572,2014-05-24 20:00:00,730,mist,66.16400000000004,1,67.0
573,2014-05-24 21:00:00,787,mist,63.66200000000006,1,87.0
574,2014-05-24 22:00:00,900,mist,61.483999999999995,1,79.0
575,2014-05-24 23:00:00,688,mist,60.98000000000005,2,99.0
576,2014-05-25 00:00:00,463,moderate rain,60.26000000000008,0,86.0
577,2014-05-25 01:00:00,350,light rain,58.87400000000001,0,89.0
578,2014-05-25 02:00:00,236,fog,58.064000000000036,1,90.0
579,2014-05-25 03:00:00,199,fog,57.542,1,98.0
580,2014-05-25 04:00:00,111,fog,57.07400000000001,4,93.0
581,2014-05-25 05:00:00,114,fog,56.516000000000005,1,96.0
582,2014-05-25 06:00:00,136,fog,55.99400000000007,1,98.0
583,2014-05-25 07:00:00,178,mist,55.43600000000007,1,97.0
584,2014-05-25 08:00:00,235,mist,54.788000000000046,0,98.0
585,2014-05-25 09:00:00,336,fog,53.67200000000004,1,98.0
586,2014-05-25 10:00:00,394,fog,52.86200000000006,1,93.0
587,2014-05-25 11:00:00,478,few clouds,54.28399999999999,1,93.0
588,2014-05-25 12:00:00,574,light rain,57.97400000000002,0,77.0
589,2014-05-25 13:00:00,602,light rain,63.08600000000007,3,63.0
590,2014-05-25 14:00:00,553,light rain,67.71200000000006,3,52.0
591,2014-05-25 15:00:00,703,scattered clouds,71.18600000000006,3,46.0
592,2014-05-25 16:00:00,718,scattered clouds,74.73200000000003,2,38.0
593,2014-05-25 17:00:00,696,light rain,77.32400000000001,2,31.0
594,2014-05-25 18:00:00,681,light rain,78.26000000000008,3,29.0
595,2014-05-25 19:00:00,597,broken clouds,78.98000000000005,5,28.0
596,2014-05-25 20:00:00,550,light rain,79.50200000000008,1,22.0
597,2014-05-25 21:00:00,635,broken clouds,79.73600000000008,4,26.0
598,2014-05-25 22:00:00,707,light rain,78.63800000000005,3,28.0
599,2014-05-25 23:00:00,595,broken clouds,77.01800000000009,3,38.0
600,2014-05-26 00:00:00,369,broken clouds,73.45400000000006,2,27.0
601,2014-05-26 01:00:00,228,broken clouds,68.28800000000004,3,46.0
602,2014-05-26 02:00:00,126,light rain,65.55200000000008,0,56.0
603,2014-05-26 03:00:00,153,scattered clouds,63.05,1,52.0
604,2014-05-26 04:00:00,132,broken clouds,61.64600000000005,1,52.0
605,2014-05-26 05:00:00,131,broken clouds,60.116000000000014,2,52.0
606,2014-05-26 06:00:00,148,broken clouds,59.018000000000086,2,59.0
607,2014-05-26 07:00:00,189,broken clouds,59.41400000000003,2,67.0
608,2014-05-26 08:00:00,220,broken clouds,59.504000000000055,1,63.0
609,2014-05-26 09:00:00,309,broken clouds,60.54800000000003,2,59.0
610,2014-05-26 10:00:00,414,overcast clouds,61.214000000000034,4,52.0
611,2014-05-26 11:00:00,446,broken clouds,63.03200000000002,5,52.0
612,2014-05-26 12:00:00,496,broken clouds,66.57800000000006,5,49.0
613,2014-05-26 13:00:00,593,light rain,71.18600000000006,6,43.0
614,2014-05-26 14:00:00,688,scattered clouds,75.308,5,38.0
615,2014-05-26 15:00:00,741,broken clouds,79.934,6,34.0
616,2014-05-26 16:00:00,691,broken clouds,82.11200000000005,6,32.0
617,2014-05-26 17:00:00,731,broken clouds,83.60600000000002,8,26.0
618,2014-05-26 18:00:00,658,broken clouds,84.97400000000002,6,27.0
619,2014-05-26 19:00:00,702,broken clouds,85.87400000000002,7,28.0
620,2014-05-26 20:00:00,634,broken clouds,86.16200000000006,8,25.0
621,2014-05-26 21:00:00,629,broken clouds,85.22600000000008,5,27.0
622,2014-05-26 22:00:00,476,broken clouds,84.16400000000004,8,28.0
623,2014-05-26 23:00:00,298,heavy intensity rain,83.03000000000004,6,32.0
624,2014-05-27 00:00:00,141,light rain,80.22200000000004,5,34.0
625,2014-05-27 01:00:00,77,broken clouds,76.60400000000006,5,36.0
626,2014-05-27 02:00:00,58,broken clouds,74.82200000000003,5,39.0
627,2014-05-27 03:00:00,159,light rain,73.86800000000008,4,41.0
628,2014-05-27 04:00:00,267,light rain,73.16600000000001,5,44.0
629,2014-05-27 05:00:00,459,overcast clouds,72.19400000000007,4,47.0
630,2014-05-27 06:00:00,859,overcast clouds,71.708,4,47.0
631,2014-05-27 07:00:00,1078,overcast clouds,70.10600000000002,4,47.0
632,2014-05-27 08:00:00,855,overcast clouds,68.342,3,49.0
633,2014-05-27 09:00:00,597,broken clouds,66.48800000000006,2,53.0
634,2014-05-27 10:00:00,576,broken clouds,65.066,0,56.0
635,2014-05-27 11:00:00,579,broken clouds,67.02800000000008,2,53.0
636,2014-05-27 12:00:00,597,broken clouds,71.16800000000009,2,53.0
637,2014-05-27 13:00:00,895,broken clouds,74.69600000000005,2,53.0
638,2014-05-27 14:00:00,971,broken clouds,78.63800000000005,2,44.0
639,2014-05-27 15:00:00,1157,broken clouds,82.09400000000008,2,39.0
640,2014-05-27 16:00:00,1434,sky is clear,83.58800000000005,1,
641,2014-05-27 17:00:00,1479,broken clouds,85.334,2,35.0
642,2014-05-27 18:00:00,1197,broken clouds,84.12800000000007,6,35.0
643,2014-05-27 19:00:00,925,light rain,83.94800000000004,5,45.0
644,2014-05-27 20:00:00,919,light rain,84.75800000000001,6,40.0
645,2014-05-27 21:00:00,756,broken clouds,84.25400000000005,5,45.0
646,2014-05-27 22:00:00,611,broken clouds,81.734,7,48.0
647,2014-05-27 23:00:00,358,light rain,80.36600000000001,7,54.0
648,2014-05-28 00:00:00,187,overcast clouds,78.40400000000005,8,57.0
649,2014-05-28 01:00:00,104,broken clouds,76.62200000000004,6,65.0
650,2014-05-28 02:00:00,78,broken clouds,74.55200000000008,4,64.0
651,2014-05-28 03:00:00,127,broken clouds,72.87800000000007,4,64.0
652,2014-05-28 04:00:00,196,broken clouds,70.592,3,69.0
653,2014-05-28 05:00:00,410,broken clouds,68.32400000000001,4,73.0
654,2014-05-28 06:00:00,873,overcast clouds,64.88600000000008,3,83.0
655,2014-05-28 07:00:00,1243,light rain,63.21200000000006,3,72.0
656,2014-05-28 08:00:00,981,overcast clouds,61.30400000000006,4,82.0
657,2014-05-28 09:00:00,716,overcast clouds,59.61200000000006,5,87.0
658,2014-05-28 10:00:00,687,overcast clouds,58.51400000000004,4,87.0
659,2014-05-28 11:00:00,730,overcast clouds,58.22600000000009,2,82.0
660,2014-05-28 12:00:00,690,overcast clouds,57.524000000000015,5,87.0
661,2014-05-28 13:00:00,892,overcast clouds,57.21800000000009,2,82.0
662,2014-05-28 14:00:00,1170,overcast clouds,56.93000000000004,5,82.0
663,2014-05-28 15:00:00,1597,overcast clouds,56.62400000000001,3,82.0
664,2014-05-28 16:00:00,1969,light rain,56.31800000000008,3,82.0
665,2014-05-28 17:00:00,2027,light rain,56.67800000000007,6,71.0
666,2014-05-28 18:00:00,1771,light rain,57.47000000000006,4,77.0
667,2014-05-28 19:00:00,1444,overcast clouds,58.02800000000006,5,67.0
668,2014-05-28 20:00:00,1487,overcast clouds,58.78399999999999,3,72.0
669,2014-05-28 21:00:00,1411,overcast clouds,57.776000000000096,5,72.0
670,2014-05-28 22:00:00,955,overcast clouds,57.57800000000007,4,72.0
671,2014-05-28 23:00:00,495,overcast clouds,56.58800000000005,7,76.0
672,2014-05-29 00:00:00,243,overcast clouds,55.97600000000009,4,71.0
673,2014-05-29 01:00:00,130,overcast clouds,55.58000000000004,4,71.0
674,2014-05-29 02:00:00,84,overcast clouds,54.788000000000046,5,71.0
675,2014-05-29 03:00:00,125,overcast clouds,54.59000000000002,4,71.0
676,2014-05-29 04:00:00,212,overcast clouds,53.978000000000065,4,71.0
677,2014-05-29 05:00:00,398,overcast clouds,53.024000000000015,5,71.0
678,2014-05-29 06:00:00,912,overcast clouds,52.66400000000003,4,71.0
679,2014-05-29 07:00:00,1172,overcast clouds,52.57400000000001,4,71.0
680,2014-05-29 08:00:00,983,overcast clouds,52.46600000000001,2,71.0
681,2014-05-29 09:00:00,748,overcast clouds,51.314000000000036,3,71.0
682,2014-05-29 10:00:00,665,broken clouds,51.116000000000014,3,71.0
683,2014-05-29 11:00:00,702,broken clouds,51.09800000000003,5,62.0
684,2014-05-29 12:00:00,740,scattered clouds,52.12400000000001,3,58.0
685,2014-05-29 13:00:00,923,broken clouds,54.05,3,62.0
686,2014-05-29 14:00:00,1236,broken clouds,56.444000000000074,4,58.0
687,2014-05-29 15:00:00,1655,scattered clouds,59.12600000000009,4,62.0
688,2014-05-29 16:00:00,1868,scattered clouds,61.28600000000007,3,55.0
689,2014-05-29 17:00:00,2160,scattered clouds,62.852000000000075,2,55.0
690,2014-05-29 18:00:00,2051,light rain,64.16600000000001,2,55.0
691,2014-05-29 19:00:00,1750,scattered clouds,64.07600000000009,3,55.0
692,2014-05-29 20:00:00,1790,scattered clouds,63.96800000000009,4,51.0
693,2014-05-29 21:00:00,1953,broken clouds,62.58200000000002,4,45.0
694,2014-05-29 22:00:00,1629,broken clouds,60.13399999999999,3,54.0
695,2014-05-29 23:00:00,801,broken clouds,58.352000000000075,3,62.0
696,2014-05-30 00:00:00,393,broken clouds,57.092,2,62.0
697,2014-05-30 01:00:00,201,broken clouds,56.24600000000005,2,66.0
698,2014-05-30 02:00:00,124,broken clouds,55.79600000000005,1,62.0
699,2014-05-30 03:00:00,175,broken clouds,55.77800000000006,0,62.0
700,2014-05-30 04:00:00,240,overcast clouds,55.32800000000007,0,58.0
701,2014-05-30 05:00:00,398,overcast clouds,55.23800000000004,0,54.0
702,2014-05-30 06:00:00,854,heavy intensity rain,54.932000000000016,1,66.0
703,2014-05-30 07:00:00,1171,light rain,54.30200000000008,0,71.0
704,2014-05-30 08:00:00,997,overcast clouds,54.30200000000008,3,58.0
705,2014-05-30 09:00:00,717,broken clouds,53.924000000000014,0,58.0
706,2014-05-30 10:00:00,731,broken clouds,52.98800000000004,1,58.0
707,2014-05-30 11:00:00,823,broken clouds,54.42800000000007,0,54.0
708,2014-05-30 12:00:00,870,broken clouds,57.48800000000004,1,55.0
709,2014-05-30 13:00:00,997,scattered clouds,61.934,2,59.0
710,2014-05-30 14:00:00,1308,scattered clouds,65.174,0,52.0
711,2014-05-30 15:00:00,1647,scattered clouds,68.43200000000002,0,49.0
712,2014-05-30 16:00:00,1808,broken clouds,70.484,2,46.0
713,2014-05-30 17:00:00,1747,broken clouds,71.54600000000005,2,46.0
714,2014-05-30 18:00:00,2245,broken clouds,72.77000000000007,2,43.0
715,2014-05-30 19:00:00,1443,broken clouds,73.94000000000003,3,46.0
716,2014-05-30 20:00:00,1316,broken clouds,74.75,2,38.0
717,2014-05-30 21:00:00,1495,broken clouds,74.93000000000004,4,46.0
718,2014-05-30 22:00:00,1470,scattered clouds,73.958,4,49.0
719,2014-05-30 23:00:00,1243,light rain,71.47400000000002,4,49.0
720,2014-05-31 00:00:00,768,moderate rain,64.31000000000009,3,63.0
721,2014-05-31 01:00:00,462,light rain,62.88800000000005,4,68.0
722,2014-05-31 02:00:00,331,scattered clouds,61.79000000000002,5,68.0
723,2014-05-31 03:00:00,261,few clouds,60.242,5,67.0
724,2014-05-31 04:00:00,145,sky is clear,58.73000000000005,5,67.0
725,2014-05-31 05:00:00,173,sky is clear,57.650000000000006,5,63.0
726,2014-05-31 06:00:00,255,sky is clear,56.62400000000001,4,63.0
727,2014-05-31 07:00:00,365,light rain,55.77800000000006,5,67.0
728,2014-05-31 08:00:00,497,sky is clear,55.07600000000009,6,67.0
729,2014-05-31 09:00:00,559,light rain,55.004000000000055,5,67.0
730,2014-05-31 10:00:00,626,light rain,56.24600000000005,7,59.0
731,2014-05-31 11:00:00,713,few clouds,59.432000000000016,5,59.0
732,2014-05-31 12:00:00,775,few clouds,62.42000000000006,6,55.0
733,2014-05-31 13:00:00,816,few clouds,64.4,9,45.0
734,2014-05-31 14:00:00,1265,few clouds,67.424,9,37.0
735,2014-05-31 15:00:00,1584,few clouds,68.36000000000008,10,30.0
736,2014-05-31 16:00:00,1551,few clouds,69.566,9,28.0
737,2014-05-31 17:00:00,1348,scattered clouds,70.55600000000004,6,35.0
738,2014-05-31 18:00:00,1470,scattered clouds,70.934,6,35.0
739,2014-05-31 19:00:00,1219,light rain,69.15200000000007,2,63.0
740,2014-05-31 20:00:00,1203,light rain,67.49600000000005,3,52.0
741,2014-05-31 21:00:00,1466,broken clouds,68.41400000000004,2,45.0
742,2014-05-31 22:00:00,1793,scattered clouds,68.41400000000004,3,46.0
743,2014-05-31 23:00:00,1616,scattered clouds,67.37000000000006,5,43.0
